profile,workflow,algorithm,avgStepWaitSeconds_n,avgStepWaitSeconds_mean,avgStepWaitSeconds_standardDeviation,avgStepWaitSeconds_median,avgStepWaitSeconds_minimum,avgStepWaitSeconds_maximum,avgStepWaitSeconds_ci95Low,avgStepWaitSeconds_ci95High,p95StepWaitSeconds_n,p95StepWaitSeconds_mean,p95StepWaitSeconds_standardDeviation,p95StepWaitSeconds_median,p95StepWaitSeconds_minimum,p95StepWaitSeconds_maximum,p95StepWaitSeconds_ci95Low,p95StepWaitSeconds_ci95High,avgLosSeconds_n,avgLosSeconds_mean,avgLosSeconds_standardDeviation,avgLosSeconds_median,avgLosSeconds_minimum,avgLosSeconds_maximum,avgLosSeconds_ci95Low,avgLosSeconds_ci95High,throughputPerHour_n,throughputPerHour_mean,throughputPerHour_standardDeviation,throughputPerHour_median,throughputPerHour_minimum,throughputPerHour_maximum,throughputPerHour_ci95Low,throughputPerHour_ci95High,roomUtilisationPercent_n,roomUtilisationPercent_mean,roomUtilisationPercent_standardDeviation,roomUtilisationPercent_median,roomUtilisationPercent_minimum,roomUtilisationPercent_maximum,roomUtilisationPercent_ci95Low,roomUtilisationPercent_ci95High
HOMOGENEOUS,INDEPENDENT,SYSTEM,30,1378.3717333333336,12.115978310033217,1376.778,1361.624,1411.8,1373.8475518879136,1382.8959147787536,30,9016.866666666667,209.90075377849791,9006.5,8688,9459,8938.48842338127,9095.244909952064,30,8394.716333333332,67.07065818627575,8389.3,8301.88,8581.65,8369.671733587955,8419.760933078709,30,22.919572964057124,0.23984111515267728,22.908779653071463,22.360248447204967,23.31908278274388,22.83001480414163,23.00913112397262,30,95.67939752350439,1.041643906196321,95.54574288866172,93.4,97.50744915144449,95.29044122855578,96.068353818453
HOMOGENEOUS,INDEPENDENT,SHORTEST_QUEUE,30,1378.3717333333336,12.115978310033217,1376.778,1361.624,1411.8,1373.8475518879136,1382.8959147787536,30,9016.866666666667,209.90075377849791,9006.5,8688,9459,8938.48842338127,9095.244909952064,30,8394.716333333332,67.07065818627575,8389.3,8301.88,8581.65,8369.671733587955,8419.760933078709,30,22.919572964057124,0.23984111515267728,22.908779653071463,22.360248447204967,23.31908278274388,22.83001480414163,23.00913112397262,30,95.67939752350439,1.041643906196321,95.54574288866172,93.4,97.50744915144449,95.29044122855578,96.068353818453
HOMOGENEOUS,INDEPENDENT,ROUND_ROBIN,30,1424.118133333333,10.950428389457821,1424.512,1404.428,1448.232,1420.0291754571076,1428.2070912095583,30,8255.766666666666,312.97214631308026,8232.5,7602,9046,8138.900926150244,8372.63240718309,30,8623.448333333334,58.68680460765833,8623.445,8525.25,8741.25,8601.534316511672,8645.362350154996,30,21.755884631613934,0.30882780684328587,21.699288189318295,21.21765780632993,22.267582111709036,21.64056641315912,21.871202850068748,30,90.81961769782751,1.176813628969701,90.73244893047931,88.66434310018903,93.28019204727318,90.3801881900598,91.25904720559522
HOMOGENEOUS,INDEPENDENT,LEAST_UTILISED,30,1724.6805333333336,48.565942356214244,1726.346,1631.606,1823.68,1706.5457092469142,1742.8153574197531,30,7061.266666666666,661.212988447712,6869,6155,8459,6814.365635874236,7308.167697459096,30,10126.260333333334,245.12012224105808,10135.57,9661.9,10633.83,10034.730959430133,10217.789707236534,30,20.505702005048228,0.7599030448708295,20.51223986453295,17.916687403573384,21.525950729490553,20.22194949510226,20.789454514994198,30,85.60531173257904,3.2528648859613445,86.09400793500893,74.3378290947096,89.78952403731166,84.39067180958263,86.81995165557545
HOMOGENEOUS,INDEPENDENT,RANDOM,30,1548.702933333334,46.61161269760212,1544.161,1467.478,1641.434,1531.2978680623792,1566.1079986042887,30,7959.366666666667,403.04842554379667,8023,7309,8916,7808.865884823815,8109.867448509519,30,9246.372333333333,233.48069283958066,9229.785,8831.6,9700.93,9159.189194557495,9333.55547210917,30,19.683388125757414,0.8119075156101624,19.756888477551836,18.17539253799162,21.368789695494748,19.38021682390069,19.98655942761414,30,82.17353354540536,3.488696597805672,82.34181817458528,75.41576210430657,89.09716863536534,80.8708325985555,83.47623449225523
HOMOGENEOUS,SEQUENTIAL,SYSTEM,30,1502.259333333333,16.016172820499012,1503.4540000000002,1474.172,1531.954,1496.2787950683264,1508.2398715983395,30,10293.333333333334,173.9057083660535,10300,9943,10725,10228.39586324965,10358.270803417017,30,9014.154333333334,84.03582075656726,9023.529999999999,8864.62,9159.86,8982.774836664652,9045.533830002016,30,20.907634606518794,0.1757287023459908,20.844794559562867,20.510483135824977,21.215157051093172,20.84201641917662,20.97325279386097,30,87.27862762061415,0.5326052493552599,87.3138187361366,86.35711030082041,88.19369894982498,87.07974951723631,87.47750572399198
HOMOGENEOUS,SEQUENTIAL,SHORTEST_QUEUE,30,1502.259333333333,16.016172820499012,1503.4540000000002,1474.172,1531.954,1496.2787950683264,1508.2398715983395,30,10293.333333333334,173.9057083660535,10300,9943,10725,10228.39586324965,10358.270803417017,30,9014.154333333334,84.03582075656726,9023.529999999999,8864.62,9159.86,8982.774836664652,9045.533830002016,30,20.907634606518794,0.1757287023459908,20.844794559562867,20.510483135824977,21.215157051093172,20.84201641917662,20.97325279386097,30,87.27862762061415,0.5326052493552599,87.3138187361366,86.35711030082041,88.19369894982498,87.07974951723631,87.47750572399198
HOMOGENEOUS,SEQUENTIAL,ROUND_ROBIN,30,1456.2398666666666,12.955180339801574,1457.4189999999999,1428.278,1493.61,1451.40232197852,1461.0774113548132,30,10302.6,172.7696493141603,10309.5,10029,10709,10238.08674141224,10367.11325858776,30,8784.057,69.39028656807812,8790.185,8633.52,8983.79,8758.1462366303,8809.967763369701,30,21.236525286010266,0.1875629941934749,21.247714104062197,20.941190157640623,21.73650525298877,21.166488100694835,21.306562471325698,30,88.65185243103107,0.6321703913227031,88.68841894397005,87.51323983006459,90.09358773095036,88.41579608613009,88.88790877593206
HOMOGENEOUS,SEQUENTIAL,LEAST_UTILISED,30,1746.2103333333332,60.78956096881775,1719.811,1657.328,1893.372,1723.5111342449184,1768.909532421748,30,12313.666666666666,1051.4519791068997,11990.5,10575,14414,11921.047976462634,12706.285356870698,30,10233.909333333337,306.14187729551645,10093.470000000001,9787.55,10989.51,10119.594057630053,10348.22460903662,30,16.336093851172592,0.7141259950819948,16.447768256712784,14.937759336099585,17.759360663016132,16.069434775531406,16.60275292681378,30,68.19282614660035,2.908989913874271,68.49151141770935,63.057469332885226,74.04222781313206,67.10659127092664,69.27906102227406
HOMOGENEOUS,SEQUENTIAL,RANDOM,30,1807.3283999999996,67.01838958005071,1794.705,1675.222,2006.75,1782.3033176763608,1832.3534823236384,30,10299.666666666666,179.6787043074643,10282.5,9947,10761,10232.573524093788,10366.759809239544,30,10539.499666666665,335.98057306813956,10478.035,9868.24,11549.18,10414.042436899445,10664.956896433885,30,17.9963319440913,0.5991192485501846,17.95645694657653,16.460152713639065,19.29777539533637,17.772617100887906,18.22004678729469,30,75.12664036325218,2.4992741220705446,75.15728875385358,69.28947007452791,80.41651031894935,74.19339590533443,76.05988482116993
HOMOGENEOUS,PARTIAL,SYSTEM,30,1461.0545999999997,17.53295240908702,1462.8780000000002,1428.492,1497.064,1454.5076868294027,1467.6015131705967,30,9728.8,171.17895455563053,9776.5,9394,10091,9664.880716700714,9792.719283299284,30,8808.130666666664,92.5862011366679,8817.145,8643.32,9000.58,8773.558404933778,8842.70292839955,30,21.28552514168605,0.2484159671509443,21.29484906419608,20.719424460431654,21.789129645321392,21.192765078852354,21.37828520451975,30,88.85546446813026,0.8311065688524726,88.9007339214485,87.2368345323741,90.8400919985474,88.5451241207185,89.16580481554203
HOMOGENEOUS,PARTIAL,SHORTEST_QUEUE,30,1461.0545999999997,17.53295240908702,1462.8780000000002,1428.492,1497.064,1454.5076868294027,1467.6015131705967,30,9728.8,171.17895455563053,9776.5,9394,10091,9664.880716700714,9792.719283299284,30,8808.130666666664,92.5862011366679,8817.145,8643.32,9000.58,8773.558404933778,8842.70292839955,30,21.28552514168605,0.2484159671509443,21.29484906419608,20.719424460431654,21.789129645321392,21.192765078852354,21.37828520451975,30,88.85546446813026,0.8311065688524726,88.9007339214485,87.2368345323741,90.8400919985474,88.5451241207185,89.16580481554203
HOMOGENEOUS,PARTIAL,ROUND_ROBIN,30,1502.8582666666666,20.034495222565205,1503.106,1463.546,1557.724,1495.3772618947096,1510.3392714386237,30,9765.233333333334,192.194349074295,9762.5,9391,10116,9693.466771381298,9836.99989528537,30,9017.148999999998,104.53602465509026,9015.66,8818.59,9304.36,8978.114600051385,9056.18339994861,30,20.966548019440886,0.21701414380066014,20.9503342497565,20.301133479952632,21.443888491779845,20.88551359220329,21.047582446678483,30,87.52464282754963,0.7632461502114313,87.53317663798231,85.47566683584277,89.4007624493686,87.23964198133523,87.80964367376403
HOMOGENEOUS,PARTIAL,LEAST_UTILISED,30,1761.3785333333337,115.46065577853435,1727.3049999999998,1603.374,2035.906,1718.2648083676233,1804.4922582990441,30,11350.733333333334,1885.5141973758105,11591.5,7652,14689,10646.670637894218,12054.796028772449,30,10309.750333333335,577.7757559247082,10130.11,9517.73,11681.17,10094.005282650674,10525.495384015996,30,16.963166102417162,1.3471621600028028,16.61765644406698,14.830072090628219,19.761760992479555,16.460127396643838,17.466204808190486,30,70.8053984346788,5.508838079820181,69.39946183009278,62.002561031021514,82.41422846791457,68.74836412933448,72.86243274002314
HOMOGENEOUS,PARTIAL,RANDOM,30,1746.633733333333,53.70438613239583,1731.9340000000002,1674.424,1893.62,1726.5801824717687,1766.6872841948975,30,9462.5,322.08980863663817,9557,8760,10012,9342.229667823349,9582.770332176651,30,10236.026333333335,271.83719499480515,10164.705,9865.62,10983.53,10134.52063876205,10337.532027904621,30,18.487681337777467,0.5589145058542365,18.675590466046398,17.358599739621003,19.630296090299364,18.278979194850393,18.69638348070454,30,77.17732687576259,2.314724522993701,77.87464448339048,72.18043300062683,81.43846447461692,76.31299438273436,78.04165936879082
HETEROGENEOUS,INDEPENDENT,SYSTEM,30,4100.959266666667,57.43255963357693,4101.411,4003.306,4204.962,4079.5135926972735,4122.40494063606,30,13414.233333333334,468.5010347269576,13379,12358,14135,13239.292141278162,13589.174525388506,30,22970.77066666667,297.6240347048987,22965.43,22460.7,23515.35,22859.636006215194,23081.905327118147,30,7.751541745478057,0.12740507014027333,7.728971788302067,7.554772097708386,8.04163781356803,7.703967902109275,7.799115588846838,30,53.09503932390468,0.7666646292833103,52.96310939193633,51.93454132683091,55.11023745169433,52.8087619964031,53.38131665140626
HETEROGENEOUS,INDEPENDENT,SHORTEST_QUEUE,30,4124.850466666668,59.86605289554304,4126.628000000001,4017.052,4233.336,4102.496111220499,4147.204822112836,30,15479.666666666666,632.5706902480698,15475,14374,16961,15243.46084766425,15715.872485669082,30,23090.226666666666,310.38006654059916,23097.225,22529.43,23655.3,22974.328824813612,23206.12450851972,30,7.768850237618192,0.11551041718988443,7.785299285144188,7.501093909528473,7.9471953023245545,7.725717931432859,7.811982543803525,30,53.214152415276466,0.7174377790701496,53.31919130282685,51.480215864813616,54.400378546118795,52.9462566989541,53.48204813159883
HETEROGENEOUS,INDEPENDENT,ROUND_ROBIN,30,4209.082533333332,60.17893480666113,4213.573,4092.908,4318.144,4186.611345841028,4231.553720825636,30,21449.8,635.4071949925307,21407.5,20193,22726,21212.535012533728,21687.06498746627,30,23511.387,312.13093726997727,23534.004999999997,22908.71,24079.34,23394.83537215753,23627.938627842468,30,7.76674965055418,0.1087798530413301,7.77991494399043,7.5026571910885105,7.940534221496791,7.726130578765518,7.807368722342843,30,53.198761058163015,0.5768098315989743,53.26973946306055,51.49094470958464,53.929461587665706,52.98337668961434,53.41414542671169
HETEROGENEOUS,INDEPENDENT,LEAST_UTILISED,30,4682.843133333333,343.51173508024976,4623.139999999999,4213.044,5618.074,4554.5737209618055,4811.11254570486,30,24060.666666666668,5387.490288547665,22635.5,14592,37549,22048.944379194072,26072.388954139264,30,25880.19,1721.9207737491774,25587.824999999997,23512.34,30593.61,25237.214103565093,26523.165896434904,30,6.570249061897731,0.7916483578754197,6.373069156004789,5.17799352750809,7.9100017577781685,6.274642655188386,6.865855468607076,30,45.000542576920935,5.387600669228761,43.763210530443416,36.00489032722042,53.997626999472665,42.988779072617426,47.012306081224445
HETEROGENEOUS,INDEPENDENT,RANDOM,30,4272.805533333333,72.72909057910988,4280.786,4109.642,4398.352,4245.648039838333,4299.963026828334,30,22429.5,1403.9016998204045,22427.5,19705,25894,21905.274398154743,22953.725601845257,30,23830.002,373.5908561182573,23869.955,22992.38,24482.3,23690.5008572793,23969.5031427207,30,7.252402119513104,0.3746380321725996,7.189630121762519,6.549026741859196,7.9223608635373335,7.1125099547590285,7.39229428426718,30,49.67234679458271,2.4552465566182553,49.15470039336931,44.945060942332184,53.980989594766655,48.755542502668,50.58915108649742
HETEROGENEOUS,SEQUENTIAL,SYSTEM,30,4333.6534,62.745182651518476,4336.477000000001,4228.196,4458.778,4310.223959646312,4357.082840353688,30,13287.166666666666,177.1434414551516,13250.5,13047,13600,13221.020206966783,13353.31312636655,30,24134.241333333335,323.8602864447754,24146.739999999998,23599.4,24782.51,24013.309893762453,24255.172772904218,30,7.651160738650227,0.09907534743928201,7.659992596232392,7.489857484656194,7.816231707846629,7.61416538944164,7.688156087858815,30,52.40681143163395,0.4708255415410257,52.36309462334405,51.5046016740932,53.43903654125241,52.23100225431759,52.58262060895031
HETEROGENEOUS,SEQUENTIAL,SHORTEST_QUEUE,30,4333.6534,62.745182651518476,4336.477000000001,4228.196,4458.778,4310.223959646312,4357.082840353688,30,13287.166666666666,177.1434414551516,13250.5,13047,13600,13221.020206966783,13353.31312636655,30,24134.241333333335,323.8602864447754,24146.739999999998,23599.4,24782.51,24013.309893762453,24255.172772904218,30,7.651160738650227,0.09907534743928201,7.659992596232392,7.489857484656194,7.816231707846629,7.61416538944164,7.688156087858815,30,52.40681143163395,0.4708255415410257,52.36309462334405,51.5046016740932,53.43903654125241,52.23100225431759,52.58262060895031
HETEROGENEOUS,SEQUENTIAL,ROUND_ROBIN,30,4331.692466666666,65.23149739659738,4336.114,4226.154,4457.742,4307.334620966805,4356.050312366528,30,13298.133333333333,173.1524608910993,13244.5,13010,13658,13233.47713052851,13362.789536138156,30,24124.436666666665,336.5357539578134,24145.22,23590.63,24777.33,23998.772128911954,24250.101204421375,30,7.634013474145802,0.101823940397687,7.647290717136462,7.403294466037386,7.7915332005886935,7.59599178327951,7.672035165012094,30,52.289376034299224,0.5000667438935656,52.352946646140246,50.90443580726756,53.16077413774461,52.1026480106677,52.47610405793075
HETEROGENEOUS,SEQUENTIAL,LEAST_UTILISED,30,4554.511933333334,171.7571286370687,4502.243,4365.944,5097.278,4490.37675624615,4618.647110420518,30,17152.6,752.5282260716091,17252,15327,18876,16871.601293132986,17433.59870686701,30,25238.534,864.4074055260492,24973.9,24273.89,27961.72,24915.758913639354,25561.309086360645,30,6.700302305245218,0.4706338390260963,6.734952399290943,5.670273590700751,7.49984375325514,6.524564710836891,6.876039899653545,30,45.89454225321297,3.210781391577284,45.990282134176596,38.988328686859134,51.36788816899648,44.695616568025414,47.09346793840052
HETEROGENEOUS,SEQUENTIAL,RANDOM,30,4506.054999999999,125.7669257566386,4492.07,4324.966,4998.204,4459.092849903995,4553.017150096004,30,14475.9,1113.28666413989,14140,13236,18632,14060.191854900033,14891.608145099966,30,24996.249333333333,627.8261410115633,24922.449999999997,24083.25,27438.14,24761.815158441976,25230.68350822469,30,7.063589818166509,0.3699415886704529,7.026270848647259,5.978378198847501,7.701687953276426,6.925451334543926,7.2017283017890925,30,48.38541879764003,2.5486396101161777,48.262262783619775,40.63835793878805,52.3980061185632,47.43374096031657,49.33709663496349
HETEROGENEOUS,PARTIAL,SYSTEM,30,4238.034066666667,61.093812966240876,4233.298,4138.04,4350.72,4215.221257995415,4260.846875337919,30,13366.433333333332,542.344316344575,13284,12392,14289,13163.918601939062,13568.948064727603,30,23656.144666666663,317.06923764413,23629.34,23134.37,24232.53,23537.749046836674,23774.540286496653,30,7.767399262205085,0.10542515428097984,7.754275678981405,7.585974376264329,7.9493011239428535,7.7280328557397,7.8067656686704705,30,53.203003007860175,0.5252443388600501,53.20095020063346,52.11876384347643,54.18669009444322,53.00687351411432,53.39913250160603
HETEROGENEOUS,PARTIAL,SHORTEST_QUEUE,30,4268.445533333333,61.69103361593397,4268.445,4164.608,4384.438,4245.409718767465,4291.4813478992,30,15190.933333333332,361.93511833622534,15252.5,14509,15877,15055.784515390442,15326.082151276223,30,23808.202,319.83213474657566,23806.309999999998,23267.21,24410.81,23688.77469725621,23927.629302743793,30,7.770913872262266,0.10882427903533169,7.762635936359737,7.532799062585005,7.973951757591866,7.7302782115319095,7.811549532992623,30,53.22718724765426,0.5678197435792331,53.26047717546443,52.07298445313971,54.422164868859326,53.015159833729534,53.43921466157898
HETEROGENEOUS,PARTIAL,ROUND_ROBIN,30,4378.131200000001,66.35170356901428,4377.727000000001,4272.608,4509.95,4353.355062367733,4402.9073376322685,30,17688.9,403.5139915533418,17726,16789,18432,17538.2253729217,17839.574627078302,30,24356.63033333333,342.7596981749581,24351.485,23808.04,25038.37,24228.641736206442,24484.61893046022,30,7.577687703027738,0.11292386756572087,7.605205751233341,7.342443401998777,7.758453481606,7.535521230514095,7.619854175541382,30,51.90338585205725,0.5884123307012074,51.9510917308089,50.408871115826415,52.81999657299521,51.68366903838399,52.12310266573051
HETEROGENEOUS,PARTIAL,LEAST_UTILISED,30,4378.773133333333,118.53976860246702,4351.2880000000005,4254.572,4810.922,4334.509648542215,4423.036618124452,30,24427.966666666667,3448.806944970704,25211.5,17527,28409,23140.160763584812,25715.772569748522,30,24359.839999999993,602.778522144428,24223.315,23719.98,26543.23,24134.758761341345,24584.92123865864,30,7.332595515829311,0.34847225821705546,7.386282480618524,6.030554811042617,7.7451001484477535,7.202473813352863,7.46271721830576,30,50.22009971771954,2.2522910931155184,50.53160852339675,41.688220316269096,53.07803188399561,49.37908025462591,51.06111918081317
HETEROGENEOUS,PARTIAL,RANDOM,30,4428.177533333334,96.3443895711819,4404.817,4284.7,4605.948,4392.201940730357,4464.153125936312,30,18084.266666666666,1375.7638613871388,18182,15172,20722,17570.54790820595,18597.985425127383,30,24606.862,486.73321688934317,24499.12,23885.3,25506.94,24425.11279804766,24788.611201952343,30,7.174120448970872,0.3263754087906106,7.131443995406846,6.453694740238787,7.7681634766847205,7.052249847117027,7.295991050824718,30,49.13965569324691,2.1954793034653135,48.83571950623343,44.29188627155713,53.258528796150436,48.3198501047608,49.95946128173301
