profile,workflow,baselineAlgorithm,metric,direction,n,meanAbsoluteDifference,meanRelativeImprovementPercent,standardDeviationOfDifference,ci95DifferenceLow,ci95DifferenceHigh
HOMOGENEOUS,INDEPENDENT,SHORTEST_QUEUE,avgStepWaitSeconds,LOWER_IS_BETTER,30,0,0,0,0,0
HOMOGENEOUS,INDEPENDENT,SHORTEST_QUEUE,p95StepWaitSeconds,LOWER_IS_BETTER,30,0,0,0,0,0
HOMOGENEOUS,INDEPENDENT,SHORTEST_QUEUE,avgLosSeconds,LOWER_IS_BETTER,30,0,0,0,0,0
HOMOGENEOUS,INDEPENDENT,SHORTEST_QUEUE,throughputPerHour,HIGHER_IS_BETTER,30,0,0,0,0,0
HOMOGENEOUS,INDEPENDENT,ROUND_ROBIN,avgStepWaitSeconds,LOWER_IS_BETTER,30,45.746399999999994,3.2098516943062037,11.678144200702999,41.385708526492714,50.107091473507275
HOMOGENEOUS,INDEPENDENT,ROUND_ROBIN,p95StepWaitSeconds,LOWER_IS_BETTER,30,-761.1,-9.35894162785368,358.6547999361522,-895.023926707455,-627.1760732925451
HOMOGENEOUS,INDEPENDENT,ROUND_ROBIN,avgLosSeconds,LOWER_IS_BETTER,30,228.73200000000023,2.6510371334646563,58.39072100351516,206.92854263246375,250.5354573675367
HOMOGENEOUS,INDEPENDENT,ROUND_ROBIN,throughputPerHour,HIGHER_IS_BETTER,30,1.163688332443185,5.372086696355139,0.4239382008778031,1.0053871789302349,1.3219894859561352
HOMOGENEOUS,INDEPENDENT,LEAST_UTILISED,avgStepWaitSeconds,LOWER_IS_BETTER,30,346.3088,20.024054575098766,46.28084427030706,329.0272457112546,363.59035428874546
HOMOGENEOUS,INDEPENDENT,LEAST_UTILISED,p95StepWaitSeconds,LOWER_IS_BETTER,30,-1955.6,-28.756771375272333,713.1717692209872,-2221.9027617864876,-1689.2972382135124
HOMOGENEOUS,INDEPENDENT,LEAST_UTILISED,avgLosSeconds,LOWER_IS_BETTER,30,1731.5440000000003,17.057693836594954,231.4042213515352,1645.1362285562732,1817.9517714437275
HOMOGENEOUS,INDEPENDENT,LEAST_UTILISED,throughputPerHour,HIGHER_IS_BETTER,30,2.413870959008901,11.937094966898917,0.8201503287858903,2.1076217395896433,2.7201201784281586
HOMOGENEOUS,INDEPENDENT,RANDOM,avgStepWaitSeconds,LOWER_IS_BETTER,30,170.33119999999994,10.922826866317935,47.273099571131006,152.6791314278648,187.98326857213507
HOMOGENEOUS,INDEPENDENT,RANDOM,p95StepWaitSeconds,LOWER_IS_BETTER,30,-1057.5,-13.531301246014888,402.7353670365554,-1207.8838838546294,-907.1161161453707
HOMOGENEOUS,INDEPENDENT,RANDOM,avgLosSeconds,LOWER_IS_BETTER,30,851.6560000000003,9.156935889079682,236.36549785565526,763.3956571393245,939.9163428606761
HOMOGENEOUS,INDEPENDENT,RANDOM,throughputPerHour,HIGHER_IS_BETTER,30,3.236184838299705,16.61875286381646,0.7756773733668476,2.946542096259431,3.525827580339979
HOMOGENEOUS,SEQUENTIAL,SHORTEST_QUEUE,avgStepWaitSeconds,LOWER_IS_BETTER,30,0,0,0,0,0
HOMOGENEOUS,SEQUENTIAL,SHORTEST_QUEUE,p95StepWaitSeconds,LOWER_IS_BETTER,30,0,0,0,0,0
HOMOGENEOUS,SEQUENTIAL,SHORTEST_QUEUE,avgLosSeconds,LOWER_IS_BETTER,30,0,0,0,0,0
HOMOGENEOUS,SEQUENTIAL,SHORTEST_QUEUE,throughputPerHour,HIGHER_IS_BETTER,30,0,0,0,0,0
HOMOGENEOUS,SEQUENTIAL,ROUND_ROBIN,avgStepWaitSeconds,LOWER_IS_BETTER,30,-46.01946666666668,-3.1608129265997067,10.357465872111492,-49.88700866130487,-42.15192467202849
HOMOGENEOUS,SEQUENTIAL,ROUND_ROBIN,p95StepWaitSeconds,LOWER_IS_BETTER,30,9.266666666666667,0.08852533580987966,59.97466898233145,-13.128246699956327,31.66158003328966
HOMOGENEOUS,SEQUENTIAL,ROUND_ROBIN,avgLosSeconds,LOWER_IS_BETTER,30,-230.09733333333332,-2.6199119893025196,51.787329360557486,-249.43504330652428,-210.75962336014237
HOMOGENEOUS,SEQUENTIAL,ROUND_ROBIN,throughputPerHour,HIGHER_IS_BETTER,30,-0.3288906794914787,-1.546525801963962,0.13126446247304407,-0.37790564389363623,-0.2798757150893212
HOMOGENEOUS,SEQUENTIAL,LEAST_UTILISED,avgStepWaitSeconds,LOWER_IS_BETTER,30,243.95100000000002,13.873257791987323,62.37002278338529,220.66164666785068,267.24035333214937
HOMOGENEOUS,SEQUENTIAL,LEAST_UTILISED,p95StepWaitSeconds,LOWER_IS_BETTER,30,2020.3333333333333,15.8638905231411,1020.2168577227144,1639.3780311773605,2401.288635489306
HOMOGENEOUS,SEQUENTIAL,LEAST_UTILISED,avgLosSeconds,LOWER_IS_BETTER,30,1219.7550000000003,11.845999737358836,311.8501139169265,1103.3082333392535,1336.2017666607471
HOMOGENEOUS,SEQUENTIAL,LEAST_UTILISED,throughputPerHour,HIGHER_IS_BETTER,30,4.5715407553462,28.217587185917292,0.7131037420441905,4.3052633953294395,4.837818115362961
HOMOGENEOUS,SEQUENTIAL,RANDOM,avgStepWaitSeconds,LOWER_IS_BETTER,30,305.0690666666666,16.779188693422245,65.79133795146349,280.50217303143364,329.6359603018995
HOMOGENEOUS,SEQUENTIAL,RANDOM,p95StepWaitSeconds,LOWER_IS_BETTER,30,6.333333333333333,0.05757513916755402,82.48190327469469,-24.46592091007305,37.132587576739716
HOMOGENEOUS,SEQUENTIAL,RANDOM,avgLosSeconds,LOWER_IS_BETTER,30,1525.3453333333337,14.396369113508346,328.95668975731746,1402.510865157169,1648.1798015094982
HOMOGENEOUS,SEQUENTIAL,RANDOM,throughputPerHour,HIGHER_IS_BETTER,30,2.9113026624274956,16.30687264680488,0.6451014668634052,2.6704177737198402,3.152187551135151
HOMOGENEOUS,PARTIAL,SHORTEST_QUEUE,avgStepWaitSeconds,LOWER_IS_BETTER,30,0,0,0,0,0
HOMOGENEOUS,PARTIAL,SHORTEST_QUEUE,p95StepWaitSeconds,LOWER_IS_BETTER,30,0,0,0,0,0
HOMOGENEOUS,PARTIAL,SHORTEST_QUEUE,avgLosSeconds,LOWER_IS_BETTER,30,0,0,0,0,0
HOMOGENEOUS,PARTIAL,SHORTEST_QUEUE,throughputPerHour,HIGHER_IS_BETTER,30,0,0,0,0,0
HOMOGENEOUS,PARTIAL,ROUND_ROBIN,avgStepWaitSeconds,LOWER_IS_BETTER,30,41.80366666666666,2.7752546146374804,15.123587460591512,36.15642531094911,47.450908022384205
HOMOGENEOUS,PARTIAL,ROUND_ROBIN,p95StepWaitSeconds,LOWER_IS_BETTER,30,36.43333333333333,0.35473533589285206,169.73299180108484,-26.946018505404567,99.81268517207123
HOMOGENEOUS,PARTIAL,ROUND_ROBIN,avgLosSeconds,LOWER_IS_BETTER,30,209.01833333333343,2.3135581949985267,75.61793730295744,180.78212655474573,237.25454011192113
HOMOGENEOUS,PARTIAL,ROUND_ROBIN,throughputPerHour,HIGHER_IS_BETTER,30,0.31897712224516506,1.524275889270065,0.1984117610640697,0.24488894009516482,0.3930653043951653
HOMOGENEOUS,PARTIAL,LEAST_UTILISED,avgStepWaitSeconds,LOWER_IS_BETTER,30,300.32393333333334,16.730865271836095,114.54215431881576,257.55318250931566,343.094684157351
HOMOGENEOUS,PARTIAL,LEAST_UTILISED,p95StepWaitSeconds,LOWER_IS_BETTER,30,1621.9333333333334,11.669268117248988,1873.4712192065838,922.3675606343076,2321.499106032359
HOMOGENEOUS,PARTIAL,LEAST_UTILISED,avgLosSeconds,LOWER_IS_BETTER,30,1501.6196666666667,14.323295696434732,572.710771594079,1287.7659125465782,1715.4734207867552
HOMOGENEOUS,PARTIAL,LEAST_UTILISED,throughputPerHour,HIGHER_IS_BETTER,30,4.322359039268892,26.164742863859672,1.259171039466981,3.852176763632971,4.792541314904812
HOMOGENEOUS,PARTIAL,RANDOM,avgStepWaitSeconds,LOWER_IS_BETTER,30,285.5791333333333,16.270664443545254,59.27273640567044,263.44632594428833,307.71194072237824
HOMOGENEOUS,PARTIAL,RANDOM,p95StepWaitSeconds,LOWER_IS_BETTER,30,-266.3,-2.8990277562104096,271.35612813397466,-367.6260612218284,-164.97393877817157
HOMOGENEOUS,PARTIAL,RANDOM,avgLosSeconds,LOWER_IS_BETTER,30,1427.8956666666666,13.889870417187227,296.36368202835234,1317.2316297214418,1538.5597036118913
HOMOGENEOUS,PARTIAL,RANDOM,throughputPerHour,HIGHER_IS_BETTER,30,2.797843803908586,15.246266453105916,0.664623325193743,2.549669332223954,3.0460182755932177
HETEROGENEOUS,INDEPENDENT,SHORTEST_QUEUE,avgStepWaitSeconds,LOWER_IS_BETTER,30,23.891200000000026,0.5774466471137478,19.397088943340446,16.648206685960005,31.134193314040047
HETEROGENEOUS,INDEPENDENT,SHORTEST_QUEUE,p95StepWaitSeconds,LOWER_IS_BETTER,30,2065.4333333333334,13.270693651214481,542.4217523950016,1862.889686837568,2267.976979829099
HETEROGENEOUS,INDEPENDENT,SHORTEST_QUEUE,avgLosSeconds,LOWER_IS_BETTER,30,119.45599999999976,0.5158842165486852,96.98544471670239,83.24103342979961,155.6709665701999
HETEROGENEOUS,INDEPENDENT,SHORTEST_QUEUE,throughputPerHour,HIGHER_IS_BETTER,30,-0.017308492140132466,-0.2121302457313941,0.12668360668121276,-0.0646129365787154,0.02999595229845047
HETEROGENEOUS,INDEPENDENT,ROUND_ROBIN,avgStepWaitSeconds,LOWER_IS_BETTER,30,108.12326666666668,2.5675027916687956,18.45690076335974,101.23134545016828,115.01518788316508
HETEROGENEOUS,INDEPENDENT,ROUND_ROBIN,p95StepWaitSeconds,LOWER_IS_BETTER,30,8035.566666666667,37.44282038188861,551.9404442718331,7829.468681588257,8241.664651745075
HETEROGENEOUS,INDEPENDENT,ROUND_ROBIN,avgLosSeconds,LOWER_IS_BETTER,30,540.6163333333324,2.298252827224825,92.28450381679818,506.1567272508405,575.0759394158242
HETEROGENEOUS,INDEPENDENT,ROUND_ROBIN,throughputPerHour,HIGHER_IS_BETTER,30,-0.015207905076123959,-0.1883542291685369,0.11645120116824775,-0.05869150583381029,0.028275695681562376
HETEROGENEOUS,INDEPENDENT,LEAST_UTILISED,avgStepWaitSeconds,LOWER_IS_BETTER,30,581.8838666666669,12.015861167573398,339.47093376440665,455.1233145679104,708.6444187654233
HETEROGENEOUS,INDEPENDENT,LEAST_UTILISED,p95StepWaitSeconds,LOWER_IS_BETTER,30,10646.433333333332,41.59710194967569,5382.133384752218,8636.711346961984,12656.155319704681
HETEROGENEOUS,INDEPENDENT,LEAST_UTILISED,avgLosSeconds,LOWER_IS_BETTER,30,2909.419333333332,10.899308320077356,1697.3546688220333,2275.6165728395495,3543.2220938271143
HETEROGENEOUS,INDEPENDENT,LEAST_UTILISED,throughputPerHour,HIGHER_IS_BETTER,30,1.181292683580328,19.582203382066265,0.7598720865340782,0.8975517336693075,1.4650336334913483
HETEROGENEOUS,INDEPENDENT,RANDOM,avgStepWaitSeconds,LOWER_IS_BETTER,30,171.8462666666666,4.012929506887935,42.55618017189732,155.95552505298957,187.73700828034362
HETEROGENEOUS,INDEPENDENT,RANDOM,p95StepWaitSeconds,LOWER_IS_BETTER,30,9015.266666666666,39.98980891027309,1413.399397718587,8487.494565520601,9543.038767812732
HETEROGENEOUS,INDEPENDENT,RANDOM,avgLosSeconds,LOWER_IS_BETTER,30,859.2313333333329,3.5983377597884223,212.7809008594869,779.7776252649477,938.6850414017182
HETEROGENEOUS,INDEPENDENT,RANDOM,throughputPerHour,HIGHER_IS_BETTER,30,0.4991396259649544,7.123924023593303,0.3478043796016883,0.3692673135057306,0.6290119384241782
HETEROGENEOUS,SEQUENTIAL,SHORTEST_QUEUE,avgStepWaitSeconds,LOWER_IS_BETTER,30,0,0,0,0,0
HETEROGENEOUS,SEQUENTIAL,SHORTEST_QUEUE,p95StepWaitSeconds,LOWER_IS_BETTER,30,0,0,0,0,0
HETEROGENEOUS,SEQUENTIAL,SHORTEST_QUEUE,avgLosSeconds,LOWER_IS_BETTER,30,0,0,0,0,0
HETEROGENEOUS,SEQUENTIAL,SHORTEST_QUEUE,throughputPerHour,HIGHER_IS_BETTER,30,0,0,0,0,0
HETEROGENEOUS,SEQUENTIAL,ROUND_ROBIN,avgStepWaitSeconds,LOWER_IS_BETTER,30,-1.9609333333332566,-0.04628550180017441,8.252766135784594,-5.042567392878362,1.120700726211849
HETEROGENEOUS,SEQUENTIAL,ROUND_ROBIN,p95StepWaitSeconds,LOWER_IS_BETTER,30,10.966666666666667,0.08155653230815094,69.29521222120334,-14.908595352249721,36.841928685583056
HETEROGENEOUS,SEQUENTIAL,ROUND_ROBIN,avgLosSeconds,LOWER_IS_BETTER,30,-9.804666666666405,-0.04149532394607584,41.26383067892327,-25.212836964392046,5.603503631059235
HETEROGENEOUS,SEQUENTIAL,ROUND_ROBIN,throughputPerHour,HIGHER_IS_BETTER,30,0.017147264504422773,0.2274284649523092,0.05236861624615292,-0.0024075015970462382,0.036702030605891785
HETEROGENEOUS,SEQUENTIAL,LEAST_UTILISED,avgStepWaitSeconds,LOWER_IS_BETTER,30,220.85853333333333,4.7489417167818155,149.72663149835324,164.94968051299122,276.76738615367543
HETEROGENEOUS,SEQUENTIAL,LEAST_UTILISED,p95StepWaitSeconds,LOWER_IS_BETTER,30,3865.4333333333334,22.389901598379133,774.3682935289826,3576.2794098235568,4154.5872568431105
HETEROGENEOUS,SEQUENTIAL,LEAST_UTILISED,avgLosSeconds,LOWER_IS_BETTER,30,1104.292666666667,4.292773706243542,748.6331574917662,824.7484025649565,1383.8369307683774
HETEROGENEOUS,SEQUENTIAL,LEAST_UTILISED,throughputPerHour,HIGHER_IS_BETTER,30,0.9508584334050078,14.72722496401519,0.4602785775306331,0.778987557863407,1.1227293089466086
HETEROGENEOUS,SEQUENTIAL,RANDOM,avgStepWaitSeconds,LOWER_IS_BETTER,30,172.40160000000003,3.7651404507123414,128.83461667863583,124.29395508761004,220.50924491239002
HETEROGENEOUS,SEQUENTIAL,RANDOM,p95StepWaitSeconds,LOWER_IS_BETTER,30,1188.7333333333333,7.745301324929534,1133.2942501712714,765.5542315202904,1611.9124351463763
HETEROGENEOUS,SEQUENTIAL,RANDOM,avgLosSeconds,LOWER_IS_BETTER,30,862.0080000000002,3.3991320553786957,644.1730833931792,621.4697754380502,1102.54622456195
HETEROGENEOUS,SEQUENTIAL,RANDOM,throughputPerHour,HIGHER_IS_BETTER,30,0.5875709204837175,8.609917167553649,0.37035113824482413,0.4492795085099981,0.7258623324574369
HETEROGENEOUS,PARTIAL,SHORTEST_QUEUE,avgStepWaitSeconds,LOWER_IS_BETTER,30,30.411466666666698,0.7121967981641502,9.000305204531243,27.05069688254295,33.772236450790444
HETEROGENEOUS,PARTIAL,SHORTEST_QUEUE,p95StepWaitSeconds,LOWER_IS_BETTER,30,1824.5,11.955104145097705,678.1417179728529,1571.2776766092866,2077.7223233907134
HETEROGENEOUS,PARTIAL,SHORTEST_QUEUE,avgLosSeconds,LOWER_IS_BETTER,30,152.05733333333325,0.6384576610262747,45.00152602265606,135.25348441271458,168.8611822539519
HETEROGENEOUS,PARTIAL,SHORTEST_QUEUE,throughputPerHour,HIGHER_IS_BETTER,30,-0.0035146100571807597,-0.041370879431449376,0.06364589469588866,-0.027280381874538233,0.020251161760176717
HETEROGENEOUS,PARTIAL,ROUND_ROBIN,avgStepWaitSeconds,LOWER_IS_BETTER,30,140.0971333333334,3.1985756585152476,12.287383736380077,135.50894803864256,144.68531862802425
HETEROGENEOUS,PARTIAL,ROUND_ROBIN,p95StepWaitSeconds,LOWER_IS_BETTER,30,4322.466666666666,24.381467393197685,749.9796196464657,4042.419625245504,4602.5137080878285
HETEROGENEOUS,PARTIAL,ROUND_ROBIN,avgLosSeconds,LOWER_IS_BETTER,30,700.4856666666668,2.874820816884186,61.436918681900224,677.5447401932126,723.426593140121
HETEROGENEOUS,PARTIAL,ROUND_ROBIN,throughputPerHour,HIGHER_IS_BETTER,30,0.18971155917734564,2.509754946000781,0.07074682137261304,0.16329425729827438,0.2161288610564169
HETEROGENEOUS,PARTIAL,LEAST_UTILISED,avgStepWaitSeconds,LOWER_IS_BETTER,30,140.7390666666668,3.1731764207695834,88.70913313743634,107.61452617063881,173.86360716269476
HETEROGENEOUS,PARTIAL,LEAST_UTILISED,p95StepWaitSeconds,LOWER_IS_BETTER,30,11061.533333333333,43.97421151881208,3619.0706630802083,9710.14990191756,12412.916764749105
HETEROGENEOUS,PARTIAL,LEAST_UTILISED,avgLosSeconds,LOWER_IS_BETTER,30,703.6953333333331,2.8550175533197444,443.54566568718127,538.0726308531933,869.3180358134729
HETEROGENEOUS,PARTIAL,LEAST_UTILISED,throughputPerHour,HIGHER_IS_BETTER,30,0.4348037463757734,6.158871912846387,0.3154397269037459,0.31701659596262594,0.5525908967889209
HETEROGENEOUS,PARTIAL,RANDOM,avgStepWaitSeconds,LOWER_IS_BETTER,30,190.14346666666674,4.266541468083819,80.58819652586817,160.05133426822215,220.23559906511133
HETEROGENEOUS,PARTIAL,RANDOM,p95StepWaitSeconds,LOWER_IS_BETTER,30,4717.833333333333,25.630881878991644,1541.3337726951208,4142.289743109826,5293.37692355684
HETEROGENEOUS,PARTIAL,RANDOM,avgLosSeconds,LOWER_IS_BETTER,30,950.7173333333329,3.841471512395687,402.9409826293407,800.2566713411101,1101.177995325556
HETEROGENEOUS,PARTIAL,RANDOM,throughputPerHour,HIGHER_IS_BETTER,30,0.5932788132342108,8.47015888711394,0.3144329290646913,0.4758676073784226,0.7106900190899991
